Recency,Frequency,Monetary,Time,Age,CampaignResponse,Target,Monetary_per_Donation,Donation_Intensity
48,7,3592,64,23,0,1,449.0,0.14285714285714285
7,4,2366,49,50,1,1,473.2,0.5
27,3,1509,50,65,0,0,377.25,0.10714285714285714
6,3,1380,18,19,0,0,345.0,0.42857142857142855
12,4,1865,24,46,0,0,373.0,0.3076923076923077
2,4,2171,2,50,0,1,434.2,1.3333333333333333
7,4,1881,43,50,0,0,376.2,0.5
0,3,1370,4,35,1,1,342.5,3.0
25,4,1767,28,36,0,0,353.4,0.15384615384615385
1,7,4077,8,62,0,1,509.625,3.5
11,3,1842,27,53,0,1,460.5,0.25
0,1,559,9,54,0,0,279.5,1.0
29,1,494,83,22,0,0,247.0,0.03333333333333333
13,4,1380,27,19,0,1,276.0,0.2857142857142857
69,1,413,72,55,0,0,206.5,0.014285714285714285
10,4,1685,11,34,0,0,337.0,0.36363636363636365
29,4,1621,48,50,0,0,324.2,0.13333333333333333
22,3,1676,23,19,0,1,419.0,0.13043478260869565
0,2,911,2,44,0,1,303.6666666666667,2.0
6,6,2593,35,57,0,0,370.42857142857144,0.8571428571428571
6,5,2718,7,22,0,0,453.0,0.7142857142857143
31,3,1629,46,49,0,1,407.25,0.09375
0,2,911,2,44,0,1,303.6666666666667,2.0
18,1,438,24,29,1,0,219.0,0.05263157894736842
7,1,439,45,34,0,0,219.5,0.125
0,3,1406,4,34,0,0,351.5,3.0
24,7,4251,42,37,0,1,531.375,0.28
2,2,1259,12,21,0,0,419.6666666666667,0.6666666666666666
5,3,1557,44,34,0,0,389.25,0.5
45,2,957,60,36,1,0,319.0,0.043478260869565216
33,2,915,62,25,0,0,305.0,0.058823529411764705
12,1,495,35,20,1,1,247.5,0.07692307692307693
8,4,2009,25,57,0,1,401.8,0.4444444444444444
4,3,1438,27,28,0,1,359.5,0.6
34,3,1795,44,40,0,0,448.75,0.08571428571428572
4,3,1365,6,29,0,0,341.25,0.6
4,3,1590,4,47,1,0,397.5,0.6
15,5,2905,39,55,0,0,484.1666666666667,0.3125
7,3,1426,23,61,0,0,356.5,0.375
12,1,605,29,30,1,1,302.5,0.07692307692307693
2,2,850,2,53,0,1,283.3333333333333,0.6666666666666666
2,4,1965,2,53,0,0,393.0,1.3333333333333333
13,2,1011,28,34,0,1,337.0,0.14285714285714285
10,1,514,41,46,0,0,257.0,0.09090909090909091
1,7,3416,21,30,0,1,427.0,3.5
0,3,1443,10,33,1,0,360.75,3.0
39,4,1941,39,35,0,0,388.2,0.1
17,2,831,32,23,0,0,277.0,0.1111111111111111
3,1,540,12,50,0,0,270.0,0.25
8,3,1231,29,50,1,0,307.75,0.3333333333333333
7,6,2970,23,48,0,1,424.2857142857143,0.75
12,4,1967,74,19,1,1,393.4,0.3076923076923077
2,3,1682,5,58,1,0,420.5,1.0
17,2,1067,18,49,0,0,355.6666666666667,0.1111111111111111
6,1,532,17,39,0,1,266.0,0.14285714285714285
28,7,3098,68,57,0,0,387.25,0.2413793103448276
0,3,1595,7,56,0,1,398.75,3.0
4,3,1402,52,43,0,1,350.5,0.6
21,1,554,41,25,1,1,277.0,0.045454545454545456
3,1,493,10,58,0,0,246.5,0.25
25,1,526,30,45,0,0,263.0,0.038461538461538464
5,3,1485,18,20,1,0,371.25,0.5
9,5,2987,51,56,0,0,497.8333333333333,0.5
5,3,1384,73,63,1,0,346.0,0.5
36,5,2651,74,21,0,0,441.8333333333333,0.13513513513513514
25,2,903,39,42,0,1,301.0,0.07692307692307693
6,4,2478,23,23,1,0,495.6,0.5714285714285714
16,3,1338,24,65,1,0,334.5,0.17647058823529413
7,2,953,61,60,1,0,317.6666666666667,0.25
38,2,934,42,62,0,0,311.3333333333333,0.05128205128205128
5,4,1938,45,64,1,0,387.6,0.6666666666666666
15,3,1538,22,40,0,0,384.5,0.1875
2,1,523,9,54,0,1,261.5,0.3333333333333333
15,3,1480,30,49,0,0,370.0,0.1875
0,4,2274,12,32,0,0,454.8,4.0
39,3,1697,66,63,0,0,424.25,0.075
14,1,625,14,21,0,0,312.5,0.06666666666666667
18,3,1504,78,36,0,0,376.0,0.15789473684210525
8,2,841,23,63,1,1,280.3333333333333,0.2222222222222222
11,2,1041,17,58,0,1,347.0,0.16666666666666666
5,5,2519,47,44,0,1,419.8333333333333,0.8333333333333334
2,1,444,6,41,0,0,222.0,0.3333333333333333
5,3,1699,32,53,0,1,424.75,0.5
38,5,2459,87,18,0,0,409.8333333333333,0.1282051282051282
25,2,1005,27,52,0,0,335.0,0.07692307692307693
13,2,953,46,35,0,1,317.6666666666667,0.14285714285714285
4,3,1489,6,24,1,1,372.25,0.6
23,2,882,37,64,0,0,294.0,0.08333333333333333
8,3,1337,11,36,0,1,334.25,0.3333333333333333
22,4,2152,38,18,0,1,430.4,0.17391304347826086
20,3,1450,41,59,1,0,362.5,0.14285714285714285
31,1,513,66,42,1,0,256.5,0.03125
52,6,2978,105,62,0,0,425.42857142857144,0.11320754716981132
20,2,857,83,47,1,0,285.6666666666667,0.09523809523809523
9,1,572,56,34,0,1,286.0,0.1
6,3,1681,24,54,0,1,420.25,0.42857142857142855
15,2,932,17,29,0,0,310.6666666666667,0.125
3,3,1494,4,22,0,1,373.5,0.75
11,2,994,49,41,0,0,331.3333333333333,0.16666666666666666
19,3,1373,75,33,0,0,343.25,0.15
19,2,957,21,28,0,0,319.0,0.1
33,7,2730,39,48,0,0,341.25,0.20588235294117646
1,4,1885,15,20,0,1,377.0,2.0
6,1,535,20,48,0,0,267.5,0.14285714285714285
0,5,2501,11,30,0,1,416.8333333333333,5.0
26,7,3852,57,54,0,1,481.5,0.25925925925925924
12,6,3344,66,50,0,1,477.7142857142857,0.46153846153846156
6,2,1001,6,57,1,1,333.6666666666667,0.2857142857142857
2,3,1649,8,33,0,1,412.25,1.0
12,6,2814,21,59,0,1,402.0,0.46153846153846156
10,3,1519,11,19,0,0,379.75,0.2727272727272727
0,4,1745,19,49,0,1,349.0,4.0
7,2,1097,67,41,1,0,365.6666666666667,0.25
5,4,2152,49,38,0,1,430.4,0.6666666666666666
2,7,3453,9,57,0,1,431.625,2.3333333333333335
19,4,2294,112,47,1,1,458.8,0.2
20,2,1093,34,50,0,0,364.3333333333333,0.09523809523809523
41,4,1738,48,62,1,0,347.6,0.09523809523809523
19,3,1293,67,44,0,1,323.25,0.15
8,3,1487,9,38,0,0,371.75,0.3333333333333333
24,3,1491,40,52,1,0,372.75,0.12
0,5,2588,13,60,0,1,431.3333333333333,5.0
12,1,437,12,58,0,1,218.5,0.07692307692307693
16,1,503,17,46,0,1,251.5,0.058823529411764705
39,3,1368,49,32,1,0,342.0,0.075
24,2,951,31,62,0,1,317.0,0.08
25,4,1788,72,18,1,0,357.6,0.15384615384615385
34,1,415,36,30,0,0,207.5,0.02857142857142857
2,1,520,15,21,0,1,260.0,0.3333333333333333
7,2,926,51,52,0,1,308.6666666666667,0.25
7,2,1042,14,36,0,0,347.3333333333333,0.25
2,1,479,22,23,0,1,239.5,0.3333333333333333
17,2,919,33,33,0,0,306.3333333333333,0.1111111111111111
1,2,886,27,50,0,0,295.3333333333333,1.0
7,3,1519,60,23,0,1,379.75,0.375
3,3,1538,12,30,0,1,384.5,0.75
7,6,2970,23,48,0,1,424.2857142857143,0.75
14,3,1458,23,24,1,0,364.5,0.2
11,3,1733,16,63,0,0,433.25,0.25
15,3,1583,71,43,0,1,395.75,0.1875
10,3,1547,25,64,0,1,386.75,0.2727272727272727
7,2,1076,71,33,0,1,358.6666666666667,0.25
8,3,1321,22,22,0,0,330.25,0.3333333333333333
14,6,3276,22,49,1,1,468.0,0.4
12,1,495,35,20,1,1,247.5,0.07692307692307693
1,1,453,24,59,0,0,226.5,0.5
6,2,982,59,40,0,1,327.3333333333333,0.2857142857142857
25,6,2717,37,42,1,1,388.14285714285717,0.23076923076923078
37,5,2528,48,59,1,0,421.3333333333333,0.13157894736842105
40,1,398,46,39,0,0,199.0,0.024390243902439025
45,2,1112,56,28,0,1,370.6666666666667,0.043478260869565216
19,2,1117,31,38,0,0,372.3333333333333,0.1
14,2,1162,26,33,0,1,387.3333333333333,0.13333333333333333
29,1,405,29,29,0,0,202.5,0.03333333333333333
2,4,1697,5,33,0,1,339.4,1.3333333333333333
19,2,940,53,54,0,0,313.3333333333333,0.1
100,1,531,120,36,1,0,265.5,0.009900990099009901
32,1,522,40,24,1,0,261.0,0.030303030303030304
1,4,1753,59,39,1,1,350.6,2.0
54,4,1974,62,50,1,0,394.8,0.07272727272727272
1,7,4077,8,62,0,1,509.625,3.5
6,3,1699,17,38,0,1,424.75,0.42857142857142855
2,4,2171,2,50,0,1,434.2,1.3333333333333333
64,4,2087,84,59,1,0,417.4,0.06153846153846154
12,3,1404,36,43,0,0,351.0,0.23076923076923078
1,3,1642,17,21,0,1,410.5,1.5
4,2,989,5,53,0,0,329.6666666666667,0.4
0,2,1151,1,31,0,1,383.6666666666667,2.0
3,3,1538,12,30,0,1,384.5,0.75
38,1,625,41,59,0,0,312.5,0.02564102564102564
1,4,1850,16,41,1,1,370.0,2.0
9,2,855,14,26,1,1,285.0,0.2
0,2,872,10,44,0,0,290.6666666666667,2.0
0,2,780,1,48,0,0,260.0,2.0
4,1,523,32,64,0,0,261.5,0.2
27,5,2514,66,30,1,0,419.0,0.17857142857142858
12,4,1968,15,52,1,0,393.6,0.3076923076923077
14,4,2019,29,21,0,1,403.8,0.26666666666666666
14,2,908,29,33,0,0,302.6666666666667,0.13333333333333333
3,5,2836,7,47,1,1,472.6666666666667,1.25
7,1,568,20,57,0,1,284.0,0.125
0,2,1151,1,31,0,1,383.6666666666667,2.0
0,2,875,16,55,0,0,291.6666666666667,2.0
12,2,1163,19,36,0,1,387.6666666666667,0.15384615384615385
13,4,1986,19,24,0,0,397.2,0.2857142857142857
1,4,1953,23,23,0,1,390.6,2.0
37,1,481,94,63,0,0,240.5,0.02631578947368421
14,6,3186,18,63,0,1,455.14285714285717,0.4
7,4,1988,49,30,1,0,397.6,0.5
16,3,1373,33,45,0,0,343.25,0.17647058823529413
9,1,520,45,35,0,1,260.0,0.1
5,2,898,26,29,0,1,299.3333333333333,0.3333333333333333
11,1,495,19,32,0,0,247.5,0.08333333333333333
2,7,3453,9,57,0,1,431.625,2.3333333333333335
6,4,2086,35,61,0,0,417.2,0.5714285714285714
11,2,709,35,28,1,0,236.33333333333334,0.16666666666666666
10,3,1468,10,26,1,0,367.0,0.2727272727272727
1,3,1485,17,60,1,1,371.25,1.5
3,2,966,55,43,0,1,322.0,0.5
22,5,2398,22,37,0,0,399.6666666666667,0.21739130434782608
4,2,742,16,23,1,1,247.33333333333334,0.4
11,3,1842,27,53,0,1,460.5,0.25
5,2,898,26,29,0,1,299.3333333333333,0.3333333333333333
0,4,1745,19,49,0,1,349.0,4.0
16,5,2427,26,34,0,1,404.5,0.29411764705882354
0,2,1026,7,48,1,0,342.0,2.0
14,6,3276,22,49,1,1,468.0,0.4
11,4,2241,61,62,0,1,448.2,0.3333333333333333
1,2,1037,56,58,1,1,345.6666666666667,1.0
0,2,945,34,54,1,1,315.0,2.0
3,6,3013,16,27,0,1,430.42857142857144,1.5
9,2,995,11,44,1,1,331.6666666666667,0.2
5,3,1415,5,33,1,0,353.75,0.5
0,4,1745,19,49,0,1,349.0,4.0
18,5,2350,19,55,1,1,391.6666666666667,0.2631578947368421
18,3,1379,26,50,0,0,344.75,0.15789473684210525
8,3,1671,9,34,0,1,417.75,0.3333333333333333
10,2,1042,27,38,0,0,347.3333333333333,0.18181818181818182
0,4,1745,19,49,0,1,349.0,4.0
4,4,2467,14,60,0,0,493.4,0.8
1,3,1642,17,21,0,1,410.5,1.5
0,1,447,43,48,0,1,223.5,1.0
6,2,1001,6,57,1,1,333.6666666666667,0.2857142857142857
13,4,1943,17,60,0,1,388.6,0.2857142857142857
17,3,1656,18,52,0,0,414.0,0.16666666666666666
8,1,572,13,44,1,0,286.0,0.1111111111111111
20,1,542,20,48,0,1,271.0,0.047619047619047616
49,3,1537,49,58,1,0,384.25,0.06
5,2,928,45,40,0,0,309.3333333333333,0.3333333333333333
11,4,1986,11,61,1,1,397.2,0.3333333333333333
4,3,1569,24,36,0,0,392.25,0.6
1,3,1752,1,41,1,0,438.0,1.5
0,1,513,1,26,0,1,256.5,1.0
1,4,1903,10,59,0,1,380.6,2.0
2,1,520,15,21,0,1,260.0,0.3333333333333333
33,1,439,42,36,0,0,219.5,0.029411764705882353
17,4,1821,21,22,0,1,364.2,0.2222222222222222
33,3,1300,55,55,1,0,325.0,0.08823529411764706
18,3,1604,25,42,1,1,401.0,0.15789473684210525
4,3,1378,10,52,0,1,344.5,0.6
43,4,1839,45,22,0,0,367.8,0.09090909090909091
52,5,2932,56,45,1,0,488.6666666666667,0.09433962264150944
5,2,922,17,26,0,0,307.3333333333333,0.3333333333333333
2,3,1449,49,47,0,1,362.25,1.0
6,3,1665,6,31,0,0,416.25,0.42857142857142855
3,3,1243,29,20,1,0,310.75,0.75
13,4,2005,21,50,0,1,401.0,0.2857142857142857
17,3,1486,57,59,0,1,371.5,0.16666666666666666
35,1,486,41,21,0,0,243.0,0.027777777777777776
14,2,1131,47,65,1,0,377.0,0.13333333333333333
2,4,1936,11,58,0,1,387.2,1.3333333333333333
24,4,1822,54,30,0,0,364.4,0.16
9,5,2603,62,44,0,0,433.8333333333333,0.5
7,1,498,66,24,1,0,249.0,0.125
6,1,545,15,42,0,1,272.5,0.14285714285714285
7,2,1076,71,33,0,1,358.6666666666667,0.25
9,2,986,14,40,0,0,328.6666666666667,0.2
3,1,336,22,30,1,0,168.0,0.25
25,3,1228,30,38,1,0,307.0,0.11538461538461539
13,4,2060,71,32,0,1,412.0,0.2857142857142857
40,3,1520,50,52,1,0,380.0,0.07317073170731707
14,6,2413,22,39,0,0,344.7142857142857,0.4
19,3,1293,67,44,0,1,323.25,0.15
2,4,1790,15,22,1,1,358.0,1.3333333333333333
4,3,1378,10,52,0,1,344.5,0.6
1,1,493,3,28,0,1,246.5,0.5
44,1,529,109,53,0,0,264.5,0.022222222222222223
8,2,1058,26,20,0,0,352.6666666666667,0.2222222222222222
6,3,1640,30,21,0,1,410.0,0.42857142857142855
7,4,2191,12,29,0,0,438.2,0.5
13,2,903,16,64,0,0,301.0,0.14285714285714285
1,1,488,23,64,0,1,244.0,0.5
9,1,462,20,54,0,1,231.0,0.1
7,3,1511,12,54,1,1,377.75,0.375
74,2,1184,76,21,0,0,394.6666666666667,0.02666666666666667
24,2,829,37,42,1,0,276.3333333333333,0.08
33,4,2301,100,51,0,0,460.2,0.11764705882352941
29,5,2383,31,43,1,0,397.1666666666667,0.16666666666666666
21,2,940,49,48,0,0,313.3333333333333,0.09090909090909091
12,3,1555,31,48,0,0,388.75,0.23076923076923078
5,4,2099,19,43,1,1,419.8,0.6666666666666666
0,5,2501,11,30,0,1,416.8333333333333,5.0
13,5,2803,53,32,0,0,467.1666666666667,0.35714285714285715
9,2,995,11,44,1,1,331.6666666666667,0.2
2,1,463,50,53,0,1,231.5,0.3333333333333333
22,2,849,39,47,1,1,283.0,0.08695652173913043
0,8,4052,53,29,1,1,450.22222222222223,8.0
0,4,2311,6,35,0,1,462.2,4.0
1,4,2553,1,48,0,1,510.6,2.0
0,5,2189,5,35,0,1,364.8333333333333,5.0
25,3,1816,26,65,1,0,454.0,0.11538461538461539
31,3,1629,46,49,0,1,407.25,0.09375
23,1,491,84,36,0,0,245.5,0.041666666666666664
6,1,426,6,31,0,1,213.0,0.14285714285714285
11,3,1424,22,39,0,0,356.0,0.25
9,2,855,14,26,1,1,285.0,0.2
24,2,1199,26,42,0,0,399.6666666666667,0.08
1,4,1850,16,41,1,1,370.0,2.0
22,4,2152,38,18,0,1,430.4,0.17391304347826086
5,2,1098,16,56,1,1,366.0,0.3333333333333333
18,1,529,27,58,0,1,264.5,0.05263157894736842
18,5,2350,19,55,1,1,391.6666666666667,0.2631578947368421
35,1,443,44,51,0,0,221.5,0.027777777777777776
1,7,3416,21,30,0,1,427.0,3.5
10,4,1899,18,63,1,1,379.8,0.36363636363636365
16,1,503,17,46,0,1,251.5,0.058823529411764705
5,1,442,45,59,0,1,221.0,0.16666666666666666
21,3,1451,42,63,1,0,362.75,0.13636363636363635
1,1,550,11,32,0,0,275.0,0.5
7,1,568,20,57,0,1,284.0,0.125
10,1,546,34,50,0,0,273.0,0.09090909090909091
6,1,517,42,60,1,0,258.5,0.14285714285714285
6,4,2076,19,53,0,0,415.2,0.5714285714285714
6,3,1778,33,65,0,1,444.5,0.42857142857142855
4,5,2416,39,29,0,0,402.6666666666667,1.0
30,1,426,36,48,1,0,213.0,0.03225806451612903
3,3,1418,11,39,1,1,354.5,0.75
0,5,2588,13,60,0,1,431.3333333333333,5.0
2,1,523,9,54,0,1,261.5,0.3333333333333333
6,1,468,15,43,0,1,234.0,0.14285714285714285
6,1,491,11,64,1,1,245.5,0.14285714285714285
0,6,3156,36,53,0,1,450.85714285714283,6.0
15,2,1214,20,19,0,0,404.6666666666667,0.125
8,1,443,16,40,1,0,221.5,0.1111111111111111
12,2,965,54,20,0,1,321.6666666666667,0.15384615384615385
12,2,928,14,61,0,0,309.3333333333333,0.15384615384615385
17,3,1790,27,29,1,1,447.5,0.16666666666666666
20,4,2072,59,19,1,0,414.4,0.19047619047619047
33,5,2718,49,51,1,1,453.0,0.14705882352941177
4,1,569,14,51,0,0,284.5,0.2
1,1,567,33,60,0,0,283.5,0.5
19,2,1018,40,42,1,0,339.3333333333333,0.1
13,1,406,39,24,0,0,203.0,0.07142857142857142
36,2,1031,38,50,0,0,343.6666666666667,0.05405405405405406
2,8,4189,46,19,1,1,465.44444444444446,2.6666666666666665
35,3,1361,71,19,0,0,340.25,0.08333333333333333
29,4,2009,41,30,0,1,401.8,0.13333333333333333
14,1,393,36,63,0,0,196.5,0.06666666666666667
19,3,1293,67,44,0,1,323.25,0.15
52,4,1745,68,22,0,0,349.0,0.07547169811320754
0,2,958,14,32,0,1,319.3333333333333,2.0
15,2,1054,19,56,0,0,351.3333333333333,0.125
11,3,1842,27,53,0,1,460.5,0.25
11,1,507,42,18,1,1,253.5,0.08333333333333333
5,6,3257,9,49,0,1,465.2857142857143,1.0
1,2,874,8,48,0,0,291.3333333333333,1.0
23,2,955,35,53,0,1,318.3333333333333,0.08333333333333333
4,3,1673,19,52,1,0,418.25,0.6
10,4,1899,18,63,1,1,379.8,0.36363636363636365
64,2,998,96,24,0,0,332.6666666666667,0.03076923076923077
20,1,494,25,31,0,0,247.0,0.047619047619047616
52,2,1077,86,49,0,0,359.0,0.03773584905660377
0,3,1872,9,39,0,0,468.0,3.0
1,1,509,14,64,1,0,254.5,0.5
9,3,1436,63,41,0,0,359.0,0.3
19,2,945,27,65,1,0,315.0,0.1
30,4,1936,120,26,1,0,387.2,0.12903225806451613
3,4,2083,17,38,0,0,416.6,1.0
13,5,2523,24,35,0,1,420.5,0.35714285714285715
9,3,1408,10,59,0,0,352.0,0.3
3,5,2369,66,35,0,0,394.8333333333333,1.25
8,2,877,17,23,0,0,292.3333333333333,0.2222222222222222
34,2,890,92,38,0,0,296.6666666666667,0.05714285714285714
10,6,2913,24,58,1,1,416.14285714285717,0.5454545454545454
1,5,2731,77,46,0,1,455.1666666666667,2.5
6,5,2877,21,48,0,1,479.5,0.7142857142857143
24,1,451,38,33,1,0,225.5,0.04
13,3,1792,15,48,0,1,448.0,0.21428571428571427
3,3,1595,15,35,0,1,398.75,0.75
20,7,4423,44,43,0,1,552.875,0.3333333333333333
24,4,2078,31,32,0,0,415.6,0.16
23,2,914,29,40,1,1,304.6666666666667,0.08333333333333333
1,3,1642,17,21,0,1,410.5,1.5
5,2,1018,7,62,0,0,339.3333333333333,0.3333333333333333
62,2,932,74,57,0,0,310.6666666666667,0.031746031746031744
69,3,1302,102,36,0,0,325.5,0.04285714285714286
3,3,1673,9,48,0,1,418.25,0.75
27,4,2198,120,29,0,0,439.6,0.14285714285714285
1,5,2419,4,39,1,1,403.1666666666667,2.5
8,2,797,30,26,0,0,265.6666666666667,0.2222222222222222
1,4,1903,10,59,0,1,380.6,2.0
1,3,1529,1,52,1,1,382.25,1.5
18,3,1485,68,60,0,0,371.25,0.15789473684210525
5,2,898,26,29,0,1,299.3333333333333,0.3333333333333333
16,3,1335,19,41,0,1,333.75,0.17647058823529413
7,6,2970,23,48,0,1,424.2857142857143,0.75
0,1,584,27,29,1,0,292.0,1.0
8,1,537,11,22,0,1,268.5,0.1111111111111111
4,2,867,20,48,1,0,289.0,0.4
8,1,537,11,22,0,1,268.5,0.1111111111111111
3,4,1920,35,58,0,1,384.0,1.0
7,4,2173,18,50,1,0,434.6,0.5
29,4,2009,41,30,0,1,401.8,0.13333333333333333
1,1,430,28,47,0,0,215.0,0.5
13,3,1411,24,54,0,0,352.75,0.21428571428571427
6,3,1493,17,58,0,1,373.25,0.42857142857142855
15,3,1360,39,51,0,0,340.0,0.1875
11,2,1067,23,40,0,0,355.6666666666667,0.16666666666666666
5,4,1830,12,33,0,1,366.0,0.6666666666666666
4,6,2959,4,54,1,0,422.7142857142857,1.2
10,3,1505,93,60,0,0,376.25,0.2727272727272727
14,6,3186,18,63,0,1,455.14285714285717,0.4
2,7,4195,38,50,0,0,524.375,2.3333333333333335
0,6,3457,4,39,0,1,493.85714285714283,6.0
50,2,1017,61,65,1,0,339.0,0.0392156862745098
41,2,1101,51,62,0,0,367.0,0.047619047619047616
9,1,539,58,40,1,0,269.5,0.1
24,3,1474,58,22,0,0,368.5,0.12
1,2,1027,2,50,0,1,342.3333333333333,1.0
3,3,1472,6,53,0,1,368.0,0.75
4,2,909,11,45,1,0,303.0,0.4
20,2,903,50,22,0,0,301.0,0.09523809523809523
7,6,3258,38,35,0,1,465.42857142857144,0.75
1,1,549,45,38,1,0,274.5,0.5
0,5,2549,3,34,0,0,424.8333333333333,5.0
4,3,1503,8,60,1,1,375.75,0.6
12,3,1419,44,65,0,0,354.75,0.23076923076923078
13,4,1998,16,32,0,1,399.6,0.2857142857142857
4,4,1710,32,64,0,0,342.0,0.8
33,3,1634,34,41,0,0,408.5,0.08823529411764706
22,4,1764,68,46,0,0,352.8,0.17391304347826086
1,3,1480,11,50,0,0,370.0,1.5
1,1,546,68,38,0,1,273.0,0.5
5,3,1444,15,18,0,1,361.0,0.5
7,2,1039,60,23,0,0,346.3333333333333,0.25
1,3,1518,4,27,0,0,379.5,1.5
0,4,2405,32,61,1,1,481.0,4.0
27,4,2218,33,23,1,1,443.6,0.14285714285714285
6,8,4055,8,26,0,1,450.55555555555554,1.1428571428571428
42,4,2223,53,49,0,0,444.6,0.09302325581395349
5,4,1994,17,21,0,0,398.8,0.6666666666666666
24,3,1238,56,22,0,0,309.5,0.12
26,1,577,27,62,0,0,288.5,0.037037037037037035
64,2,1096,67,27,0,0,365.3333333333333,0.03076923076923077
20,2,1019,55,39,0,0,339.6666666666667,0.09523809523809523
6,4,2293,20,42,0,0,458.6,0.5714285714285714
46,3,1606,52,50,0,0,401.5,0.06382978723404255
49,1,456,61,48,0,0,228.0,0.02
4,6,2822,17,63,0,1,403.14285714285717,1.2
6,1,481,12,52,0,0,240.5,0.14285714285714285
2,2,937,7,53,0,0,312.3333333333333,0.6666666666666666
0,6,3324,15,50,0,1,474.85714285714283,6.0
6,1,545,15,42,0,1,272.5,0.14285714285714285
1,3,1210,19,25,1,1,302.5,1.5
21,3,1476,65,58,1,1,369.0,0.13636363636363635
12,3,1476,16,18,0,1,369.0,0.23076923076923078
10,2,1058,12,41,0,1,352.6666666666667,0.18181818181818182
5,2,1098,16,56,1,1,366.0,0.3333333333333333
28,3,1377,83,60,1,1,344.25,0.10344827586206896
7,1,510,27,54,0,0,255.0,0.125
27,1,553,38,38,0,1,276.5,0.03571428571428571
6,6,3446,35,30,0,1,492.2857142857143,0.8571428571428571
12,1,484,107,45,0,0,242.0,0.07692307692307693
0,2,942,7,31,0,1,314.0,2.0
6,8,4055,8,26,0,1,450.55555555555554,1.1428571428571428
9,3,1451,41,51,0,0,362.75,0.3
14,4,2003,53,43,1,0,400.6,0.26666666666666666
0,4,1885,18,41,0,1,377.0,4.0
1,1,461,11,32,1,1,230.5,0.5
25,3,1263,41,65,0,0,315.75,0.11538461538461539
16,3,1556,26,49,0,0,389.0,0.17647058823529413
13,4,1878,22,30,0,0,375.6,0.2857142857142857
7,3,1511,45,30,1,0,377.75,0.375
19,1,505,44,32,0,0,252.5,0.05
12,1,495,35,20,1,1,247.5,0.07692307692307693
17,3,1381,34,64,1,0,345.25,0.16666666666666666
4,2,995,40,57,0,1,331.6666666666667,0.4
1,3,1539,55,31,0,0,384.75,1.5
1,7,4077,8,62,0,1,509.625,3.5
4,3,1504,32,41,0,1,376.0,0.6
4,2,764,12,33,1,1,254.66666666666666,0.4
6,1,468,15,43,0,1,234.0,0.14285714285714285
10,5,2137,68,52,0,1,356.1666666666667,0.45454545454545453
33,3,1234,61,40,0,0,308.5,0.08823529411764706
29,4,2062,36,61,0,1,412.4,0.13333333333333333
24,6,2756,95,55,0,0,393.7142857142857,0.24
30,2,988,30,41,0,0,329.3333333333333,0.06451612903225806
10,6,2926,16,65,0,0,418.0,0.5454545454545454
3,5,2751,22,39,1,0,458.5,1.25
0,1,429,7,34,0,0,214.5,1.0
0,3,1370,4,35,1,1,342.5,3.0
1,6,3361,16,65,0,0,480.14285714285717,3.0
3,2,1055,3,28,0,0,351.6666666666667,0.5
9,3,1451,20,60,0,0,362.75,0.3
8,4,2207,19,19,0,0,441.4,0.4444444444444444
6,2,773,14,31,0,0,257.6666666666667,0.2857142857142857
13,2,950,18,25,0,0,316.6666666666667,0.14285714285714285
4,2,995,40,57,0,1,331.6666666666667,0.4
16,3,1612,20,45,0,0,403.0,0.17647058823529413
2,1,573,16,42,0,0,286.5,0.3333333333333333
0,7,3461,46,33,0,1,432.625,7.0
29,1,501,34,45,0,0,250.5,0.03333333333333333
4,3,1621,31,62,0,0,405.25,0.6
29,1,520,30,42,0,0,260.0,0.03333333333333333
42,3,1533,77,44,1,0,383.25,0.06976744186046512
11,1,460,16,31,0,0,230.0,0.08333333333333333
2,4,2099,3,58,1,1,419.8,1.3333333333333333
4,3,1378,10,52,0,1,344.5,0.6
1,2,956,26,65,0,1,318.6666666666667,1.0
12,7,3469,23,18,0,1,433.625,0.5384615384615384
1,1,546,68,38,0,1,273.0,0.5
2,4,2443,4,49,0,0,488.6,1.3333333333333333
2,4,2280,8,47,0,0,456.0,1.3333333333333333
7,4,2366,49,50,1,1,473.2,0.5
3,1,459,17,34,0,1,229.5,0.25
10,1,448,42,20,0,0,224.0,0.09090909090909091
2,2,927,19,52,1,0,309.0,0.6666666666666666
28,5,2530,43,18,0,0,421.6666666666667,0.1724137931034483
0,1,449,31,52,0,0,224.5,1.0
30,2,1065,45,65,1,0,355.0,0.06451612903225806
17,2,953,72,60,0,0,317.6666666666667,0.1111111111111111
8,4,2009,25,57,0,1,401.8,0.4444444444444444
34,5,2502,39,28,1,0,417.0,0.14285714285714285
10,5,2137,68,52,0,1,356.1666666666667,0.45454545454545453
22,2,849,39,47,1,1,283.0,0.08695652173913043
24,2,951,31,62,0,1,317.0,0.08
0,1,508,7,33,1,0,254.0,1.0
1,1,430,43,28,0,0,215.0,0.5
45,2,1112,56,28,0,1,370.6666666666667,0.043478260869565216
10,1,443,22,60,1,0,221.5,0.09090909090909091
15,1,561,36,37,0,0,280.5,0.0625
26,7,3852,57,54,0,1,481.5,0.25925925925925924
20,1,480,35,50,0,0,240.0,0.047619047619047616
7,2,917,13,45,0,0,305.6666666666667,0.25
15,3,1357,84,43,1,0,339.25,0.1875
17,5,2521,65,49,1,1,420.1666666666667,0.2777777777777778
31,4,2213,32,18,1,0,442.6,0.125
11,2,1105,17,34,0,0,368.3333333333333,0.16666666666666666
9,2,995,11,44,1,1,331.6666666666667,0.2
35,6,3051,80,59,0,0,435.85714285714283,0.16666666666666666
16,3,1335,19,41,0,1,333.75,0.17647058823529413
5,1,558,8,56,0,0,279.0,0.16666666666666666
34,4,1475,38,25,1,0,295.0,0.11428571428571428
2,6,3408,28,61,0,1,486.85714285714283,2.0
1,2,949,7,63,0,0,316.3333333333333,1.0
0,5,2049,13,48,0,1,341.5,5.0
5,3,1388,26,54,0,0,347.0,0.5
2,1,520,15,21,0,1,260.0,0.3333333333333333
3,1,406,32,60,1,0,203.0,0.25
3,3,1677,21,30,0,0,419.25,0.75
0,1,513,1,26,0,1,256.5,1.0
26,3,1448,32,65,0,0,362.0,0.1111111111111111
1,5,2435,80,18,0,0,405.8333333333333,2.5
5,1,420,24,42,1,1,210.0,0.16666666666666666
1,1,546,68,38,0,1,273.0,0.5
12,3,1530,14,34,0,0,382.5,0.23076923076923078
1,2,1064,8,50,1,1,354.6666666666667,1.0
52,1,509,55,44,0,0,254.5,0.018867924528301886
13,1,543,64,60,0,0,271.5,0.07142857142857142
10,4,1875,52,27,1,1,375.0,0.36363636363636365
10,4,2030,63,62,1,0,406.0,0.36363636363636365
85,2,913,90,25,0,0,304.3333333333333,0.023255813953488372
7,2,926,51,52,0,1,308.6666666666667,0.25
10,4,1899,18,63,1,1,379.8,0.36363636363636365
23,1,515,28,51,0,0,257.5,0.041666666666666664
3,3,1440,7,62,0,1,360.0,0.75
5,4,2099,19,43,1,1,419.8,0.6666666666666666
7,2,1076,71,33,0,1,358.6666666666667,0.25
5,1,442,45,59,0,1,221.0,0.16666666666666666
7,3,1492,8,48,0,0,373.0,0.375
11,3,1842,27,53,0,1,460.5,0.25
7,3,1511,12,54,1,1,377.75,0.375
1,4,1953,23,23,0,1,390.6,2.0
4,3,1489,6,24,1,1,372.25,0.6
31,1,487,35,57,0,0,243.5,0.03125
0,3,1599,1,24,0,0,399.75,3.0
1,3,1736,5,20,0,1,434.0,1.5
1,3,1827,15,22,0,0,456.75,1.5
2,4,1790,15,22,1,1,358.0,1.3333333333333333
9,3,1364,59,46,0,0,341.0,0.3
10,2,836,22,47,0,0,278.6666666666667,0.18181818181818182
46,1,463,60,26,1,0,231.5,0.02127659574468085
22,1,466,38,65,1,0,233.0,0.043478260869565216
11,4,1986,11,61,1,1,397.2,0.3333333333333333
10,3,1461,24,35,0,0,365.25,0.2727272727272727
15,3,1457,28,26,0,0,364.25,0.1875
24,7,4251,42,37,0,1,531.375,0.28
7,1,511,11,27,0,0,255.5,0.125
17,3,1790,27,29,1,1,447.5,0.16666666666666666
8,3,1503,16,40,0,0,375.75,0.3333333333333333
2,4,2028,3,35,0,1,405.6,1.3333333333333333
6,2,1102,25,20,0,0,367.3333333333333,0.2857142857142857
3,5,2836,7,47,1,1,472.6666666666667,1.25
13,3,1580,14,30,0,0,395.0,0.21428571428571427
4,2,915,23,54,0,0,305.0,0.4
7,5,2688,44,20,1,0,448.0,0.625
2,2,964,6,20,0,0,321.3333333333333,0.6666666666666666
13,4,1380,27,19,0,1,276.0,0.2857142857142857
44,4,1764,62,65,0,0,352.8,0.08888888888888889
7,3,1301,8,65,1,1,325.25,0.375
2,3,1449,49,47,0,1,362.25,1.0
15,2,1014,52,20,0,0,338.0,0.125
11,1,547,65,43,0,0,273.5,0.08333333333333333
32,2,985,46,59,1,0,328.3333333333333,0.06060606060606061
6,1,468,15,43,0,1,234.0,0.14285714285714285
3,3,1737,50,51,0,0,434.25,0.75
4,2,1161,16,44,1,0,387.0,0.4
7,1,568,20,57,0,1,284.0,0.125
25,5,2772,61,46,0,0,462.0,0.19230769230769232
4,5,2654,28,59,1,1,442.3333333333333,1.0
7,2,908,39,51,1,1,302.6666666666667,0.25
5,2,1032,15,18,0,0,344.0,0.3333333333333333
39,3,1390,117,28,1,0,347.5,0.075
11,3,1520,26,36,0,0,380.0,0.25
33,3,1689,51,41,1,0,422.25,0.08823529411764706
9,1,572,56,34,0,1,286.0,0.1
30,1,526,61,35,0,0,263.0,0.03225806451612903
22,3,1676,23,19,0,1,419.0,0.13043478260869565
6,1,466,28,36,0,0,233.0,0.14285714285714285
4,2,995,40,57,0,1,331.6666666666667,0.4
2,6,3408,28,61,0,1,486.85714285714283,2.0
7,5,2293,52,57,0,0,382.1666666666667,0.625
22,3,1430,48,24,0,0,357.5,0.13043478260869565
7,3,1511,12,54,1,1,377.75,0.375
18,2,1018,30,27,1,0,339.3333333333333,0.10526315789473684
22,3,1556,62,53,1,0,389.0,0.13043478260869565
0,3,1449,51,54,0,0,362.25,3.0
49,4,2273,52,48,0,0,454.6,0.08
3,4,1925,68,39,0,1,385.0,1.0
10,4,1864,32,32,1,0,372.8,0.36363636363636365
12,4,2027,25,20,0,1,405.4,0.3076923076923077
18,3,1469,50,27,0,0,367.25,0.15789473684210525
1,4,1581,9,45,0,0,316.2,2.0
3,6,2835,28,55,0,1,405.0,1.5
5,8,4133,57,28,0,1,459.22222222222223,1.3333333333333333
30,1,538,43,30,0,0,269.0,0.03225806451612903
11,3,1495,61,18,1,0,373.75,0.25
0,3,1536,5,44,0,1,384.0,3.0
19,3,1396,29,48,0,0,349.0,0.15
31,5,2508,44,25,0,0,418.0,0.15625
15,3,1349,71,48,1,0,337.25,0.1875
1,1,461,11,32,1,1,230.5,0.5
17,4,1475,86,24,0,0,295.0,0.2222222222222222
1,4,2224,2,46,0,1,444.8,2.0
4,3,1378,10,52,0,1,344.5,0.6
17,5,2521,65,49,1,1,420.1666666666667,0.2777777777777778
11,4,1695,33,50,0,0,339.0,0.3333333333333333
65,2,980,74,30,0,0,326.6666666666667,0.030303030303030304
17,1,454,25,36,0,0,227.0,0.05555555555555555
2,1,520,15,21,0,1,260.0,0.3333333333333333
15,3,1419,44,49,1,0,354.75,0.1875
13,4,1998,16,32,0,1,399.6,0.2857142857142857
0,3,1387,10,30,1,1,346.75,3.0
9,2,941,9,38,0,1,313.6666666666667,0.2
2,2,1199,8,39,0,0,399.6666666666667,0.6666666666666666
19,1,562,25,45,0,0,281.0,0.05
8,4,2038,25,18,1,0,407.6,0.4444444444444444
4,2,1114,38,36,0,1,371.3333333333333,0.4
4,1,569,7,33,0,1,284.5,0.2
19,4,2294,112,47,1,1,458.8,0.2
4,3,1378,10,52,0,1,344.5,0.6
3,3,1645,53,30,0,0,411.25,0.75
12,1,495,35,20,1,1,247.5,0.07692307692307693
5,2,898,26,29,0,1,299.3333333333333,0.3333333333333333
10,3,1744,13,33,0,0,436.0,0.2727272727272727
42,2,1073,53,23,0,0,357.6666666666667,0.046511627906976744
14,4,2019,41,64,0,0,403.8,0.26666666666666666
3,5,2836,7,47,1,1,472.6666666666667,1.25
9,1,462,20,54,0,1,231.0,0.1
7,3,1603,22,34,0,0,400.75,0.375
2,4,1940,14,30,1,0,388.0,1.3333333333333333
5,5,2579,34,64,1,1,429.8333333333333,0.8333333333333334
7,4,1883,32,35,0,0,376.6,0.5
2,3,1218,81,43,0,0,304.5,1.0
4,1,461,11,64,0,1,230.5,0.2
18,4,2006,54,46,0,1,401.2,0.21052631578947367
17,6,2917,56,26,0,0,416.7142857142857,0.3333333333333333
5,1,438,9,20,0,0,219.0,0.16666666666666666
64,1,544,69,50,0,0,272.0,0.015384615384615385
20,7,4423,44,43,0,1,552.875,0.3333333333333333
9,1,516,31,42,1,0,258.0,0.1
0,1,513,1,26,0,1,256.5,1.0
4,2,1025,13,51,0,0,341.6666666666667,0.4
11,5,2441,30,54,0,1,406.8333333333333,0.4166666666666667
21,5,2426,25,19,1,1,404.3333333333333,0.22727272727272727
1,5,2473,6,39,0,1,412.1666666666667,2.5
11,5,2983,41,50,0,1,497.1666666666667,0.4166666666666667
11,3,1842,27,53,0,1,460.5,0.25
8,4,1924,10,31,1,0,384.8,0.4444444444444444
17,3,1790,27,29,1,1,447.5,0.16666666666666666
16,2,1044,106,56,0,1,348.0,0.11764705882352941
23,2,1156,81,45,0,0,385.3333333333333,0.08333333333333333
20,1,505,23,46,0,0,252.5,0.047619047619047616
4,5,2309,5,55,1,1,384.8333333333333,1.0
1,4,1885,15,20,0,1,377.0,2.0
6,3,1493,17,58,0,1,373.25,0.42857142857142855
4,2,988,51,21,0,0,329.3333333333333,0.4
16,3,1399,35,60,1,0,349.75,0.17647058823529413
24,2,1092,93,41,0,0,364.0,0.08
0,2,911,2,44,0,1,303.6666666666667,2.0
11,3,1400,15,48,0,1,350.0,0.25
9,1,459,11,39,0,0,229.5,0.1
0,5,2049,13,48,0,1,341.5,5.0
7,6,2970,23,48,0,1,424.2857142857143,0.75
31,2,937,59,61,1,0,312.3333333333333,0.0625
4,3,1841,27,37,0,0,460.25,0.6
0,3,1370,4,35,1,1,342.5,3.0
34,4,1882,63,26,1,1,376.4,0.11428571428571428
0,2,983,5,21,0,0,327.6666666666667,2.0
0,1,513,1,26,0,1,256.5,1.0
6,2,1039,20,40,0,0,346.3333333333333,0.2857142857142857
1,2,1027,2,50,0,1,342.3333333333333,1.0
20,7,4423,44,43,0,1,552.875,0.3333333333333333
22,2,849,39,47,1,1,283.0,0.08695652173913043
5,1,483,26,18,0,0,241.5,0.16666666666666666
5,2,966,51,18,1,0,322.0,0.3333333333333333
3,5,2836,7,47,1,1,472.6666666666667,1.25
30,5,2296,64,59,0,0,382.6666666666667,0.16129032258064516
22,2,1000,33,45,1,0,333.3333333333333,0.08695652173913043
30,3,1252,79,45,0,0,313.0,0.0967741935483871
10,2,882,30,50,0,0,294.0,0.18181818181818182
7,3,1592,23,34,0,0,398.0,0.375
18,2,1040,19,56,0,0,346.6666666666667,0.10526315789473684
2,1,593,15,25,0,1,296.5,0.3333333333333333
24,2,1120,46,21,0,0,373.3333333333333,0.08
6,8,4055,8,26,0,1,450.55555555555554,1.1428571428571428
0,3,1549,40,54,0,0,387.25,3.0
9,1,558,32,48,0,1,279.0,0.1
17,3,1486,57,59,0,1,371.5,0.16666666666666666
16,2,1044,106,56,0,1,348.0,0.11764705882352941
11,1,507,42,18,1,1,253.5,0.08333333333333333
1,3,1736,5,20,0,1,434.0,1.5
31,3,1629,46,49,0,1,407.25,0.09375
8,2,1023,25,44,0,1,341.0,0.2222222222222222
23,2,939,33,20,0,0,313.0,0.08333333333333333
13,2,1097,39,64,0,0,365.6666666666667,0.14285714285714285
10,3,1775,13,27,1,0,443.75,0.2727272727272727
22,4,2152,38,18,0,1,430.4,0.17391304347826086
52,4,1892,68,18,0,0,378.4,0.07547169811320754
10,2,974,15,60,0,1,324.6666666666667,0.18181818181818182
16,5,2427,26,34,0,1,404.5,0.29411764705882354
5,4,2099,19,43,1,1,419.8,0.6666666666666666
42,6,3043,80,20,0,0,434.7142857142857,0.13953488372093023
0,3,1564,5,48,0,0,391.0,3.0
15,2,994,22,55,0,0,331.3333333333333,0.125
2,1,455,6,56,0,0,227.5,0.3333333333333333
1,2,1016,2,28,0,0,338.6666666666667,1.0
58,1,524,63,53,1,0,262.0,0.01694915254237288
12,7,3271,50,42,0,1,408.875,0.5384615384615384
5,2,1098,16,56,1,1,366.0,0.3333333333333333
4,2,764,12,33,1,1,254.66666666666666,0.4
54,4,1846,77,50,0,1,369.2,0.07272727272727272
0,4,1987,14,53,0,1,397.4,4.0
7,1,499,41,55,1,0,249.5,0.125
26,5,2498,38,27,0,0,416.3333333333333,0.18518518518518517
8,3,1671,9,34,0,1,417.75,0.3333333333333333
16,4,2155,17,27,1,0,431.0,0.23529411764705882
4,5,2440,7,31,1,0,406.6666666666667,1.0
0,3,1536,5,44,0,1,384.0,3.0
16,2,1044,106,56,0,1,348.0,0.11764705882352941
2,5,2476,29,28,0,0,412.6666666666667,1.6666666666666667
3,3,1440,7,62,0,1,360.0,0.75
5,2,893,6,50,0,0,297.6666666666667,0.3333333333333333
5,3,1444,15,18,0,1,361.0,0.5
3,1,517,10,34,0,0,258.5,0.25
0,5,2501,11,30,0,1,416.8333333333333,5.0
10,1,480,45,52,0,0,240.0,0.09090909090909091
41,1,587,49,40,1,0,293.5,0.023809523809523808
11,3,1400,15,48,0,1,350.0,0.25
49,2,867,49,53,1,0,289.0,0.04
33,3,1830,48,41,0,0,457.5,0.08823529411764706
5,4,2152,49,38,0,1,430.4,0.6666666666666666
4,2,1017,33,21,0,0,339.0,0.4
5,1,442,32,25,0,0,221.0,0.16666666666666666
5,5,2519,47,44,0,1,419.8333333333333,0.8333333333333334
19,1,564,37,20,0,0,282.0,0.05
44,4,1983,65,42,0,0,396.6,0.08888888888888889
24,2,1010,26,21,0,0,336.6666666666667,0.08
38,1,494,58,27,1,0,247.0,0.02564102564102564
10,3,1555,41,23,0,1,388.75,0.2727272727272727
2,4,1872,3,65,0,0,374.4,1.3333333333333333
12,2,950,13,19,1,0,316.6666666666667,0.15384615384615385
1,1,555,24,63,1,1,277.5,0.5
29,4,2062,36,61,0,1,412.4,0.13333333333333333
0,2,958,14,32,0,1,319.3333333333333,2.0
1,3,1661,1,58,0,0,415.25,1.5
1,1,493,3,28,0,1,246.5,0.5
18,5,2350,19,55,1,1,391.6666666666667,0.2631578947368421
2,3,1654,2,36,0,1,413.5,1.0
13,5,2523,24,35,0,1,420.5,0.35714285714285715
22,1,483,51,61,0,0,241.5,0.043478260869565216
25,2,1121,37,54,1,0,373.6666666666667,0.07692307692307693
35,6,2833,51,23,0,0,404.7142857142857,0.16666666666666666
0,2,911,2,44,0,1,303.6666666666667,2.0
1,3,1529,1,52,1,1,382.25,1.5
21,4,2023,31,60,0,0,404.6,0.18181818181818182
9,3,1627,13,61,0,1,406.75,0.3
2,5,1989,27,60,1,1,331.5,1.6666666666666667
0,2,958,14,32,0,1,319.3333333333333,2.0
7,4,2366,49,50,1,1,473.2,0.5
10,4,1899,18,63,1,1,379.8,0.36363636363636365
16,3,1335,19,41,0,1,333.75,0.17647058823529413
10,1,508,17,33,0,0,254.0,0.09090909090909091
2,1,463,50,53,0,1,231.5,0.3333333333333333
1,2,1119,4,39,0,0,373.0,1.0
1,3,1384,3,37,0,0,346.0,1.5
2,3,1582,7,57,0,1,395.5,1.0
18,1,498,51,47,1,0,249.0,0.05263157894736842
35,2,1022,47,29,0,0,340.6666666666667,0.05555555555555555
3,2,914,7,54,0,1,304.6666666666667,0.5
7,1,462,21,58,1,0,231.0,0.125
0,4,1958,41,63,0,0,391.6,4.0
2,1,463,52,41,0,0,231.5,0.3333333333333333
1,5,2436,54,27,0,1,406.0,2.5
10,4,1899,18,63,1,1,379.8,0.36363636363636365
5,5,2475,5,18,0,0,412.5,0.8333333333333334
21,1,375,29,42,1,0,187.5,0.045454545454545456
12,4,1967,74,19,1,1,393.4,0.3076923076923077
8,1,465,18,28,0,0,232.5,0.1111111111111111
0,7,3461,46,33,0,1,432.625,7.0
3,3,1494,4,22,0,1,373.5,0.75
5,5,2579,34,64,1,1,429.8333333333333,0.8333333333333334
2,6,3408,28,61,0,1,486.85714285714283,2.0
13,4,2200,18,37,1,0,440.0,0.2857142857142857
2,1,476,9,39,0,0,238.0,0.3333333333333333
4,3,1489,6,24,1,1,372.25,0.6
44,5,2446,83,36,1,0,407.6666666666667,0.1111111111111111
36,3,1477,38,34,0,0,369.25,0.08108108108108109
34,1,537,76,19,1,0,268.5,0.02857142857142857
1,4,1753,59,39,1,1,350.6,2.0
36,2,976,49,57,0,0,325.3333333333333,0.05405405405405406
9,1,462,20,54,0,1,231.0,0.1
2,5,2810,13,48,0,1,468.3333333333333,1.6666666666666667
14,1,585,39,41,0,0,292.5,0.06666666666666667
3,3,1528,25,29,0,1,382.0,0.75
12,3,1401,39,51,1,1,350.25,0.23076923076923078
44,1,490,73,26,0,0,245.0,0.022222222222222223
3,3,1494,4,22,0,1,373.5,0.75
23,3,1462,24,63,0,0,365.5,0.125
15,1,529,29,50,0,0,264.5,0.0625
50,4,2117,70,30,0,1,423.4,0.0784313725490196
13,2,1177,13,53,0,0,392.3333333333333,0.14285714285714285
22,4,2152,38,18,0,1,430.4,0.17391304347826086
4,5,2654,28,59,1,1,442.3333333333333,1.0
0,2,1033,6,34,1,0,344.3333333333333,2.0
1,1,520,3,65,0,0,260.0,0.5
31,3,1629,46,49,0,1,407.25,0.09375
4,2,1050,12,30,0,0,350.0,0.4
1,5,2473,6,39,0,1,412.1666666666667,2.5
13,3,1470,14,44,0,0,367.5,0.21428571428571427
2,1,421,8,22,0,1,210.5,0.3333333333333333
6,3,1511,43,40,0,1,377.75,0.42857142857142855
60,6,2905,70,18,0,0,415.0,0.09836065573770492
11,3,1518,32,46,1,1,379.5,0.25
19,1,482,32,21,1,0,241.0,0.05
13,4,1998,16,32,0,1,399.6,0.2857142857142857
15,2,1011,39,19,0,1,337.0,0.125
11,3,1421,36,34,0,1,355.25,0.25
2,1,522,13,55,1,0,261.0,0.3333333333333333
33,8,3318,38,59,1,0,368.6666666666667,0.23529411764705882
1,2,1108,9,37,0,0,369.3333333333333,1.0
5,2,1098,16,56,1,1,366.0,0.3333333333333333
0,3,1387,10,30,1,1,346.75,3.0
4,2,1114,38,36,0,1,371.3333333333333,0.4
2,2,873,5,36,0,1,291.0,0.6666666666666666
5,5,2640,6,32,0,1,440.0,0.8333333333333334
62,3,1503,71,24,0,0,375.75,0.047619047619047616
28,2,993,32,53,0,0,331.0,0.06896551724137931
8,2,1023,25,44,0,1,341.0,0.2222222222222222
1,1,461,11,32,1,1,230.5,0.5
8,6,2866,10,52,0,1,409.42857142857144,0.6666666666666666
33,3,1431,54,44,0,0,357.75,0.08823529411764706
5,1,442,45,59,0,1,221.0,0.16666666666666666
8,1,528,16,58,0,1,264.0,0.1111111111111111
0,5,2501,11,30,0,1,416.8333333333333,5.0
0,4,1987,14,53,0,1,397.4,4.0
0,3,1688,5,35,0,0,422.0,3.0
13,4,1380,27,19,0,1,276.0,0.2857142857142857
1,3,1736,5,20,0,1,434.0,1.5
13,3,1792,15,48,0,1,448.0,0.21428571428571427
14,1,531,27,64,0,0,265.5,0.06666666666666667
2,2,884,4,59,0,0,294.6666666666667,0.6666666666666666
65,2,1012,66,25,0,0,337.3333333333333,0.030303030303030304
8,4,1731,9,26,1,0,346.2,0.4444444444444444
2,3,1328,35,40,1,1,332.0,1.0
12,6,3066,13,31,0,1,438.0,0.46153846153846156
10,2,960,42,38,0,0,320.0,0.18181818181818182
16,4,1782,105,60,0,0,356.4,0.23529411764705882
3,3,1538,12,30,0,1,384.5,0.75
5,4,2099,19,43,1,1,419.8,0.6666666666666666
11,6,2551,39,44,1,1,364.42857142857144,0.5
0,3,1449,120,54,0,0,362.25,3.0
9,6,2702,10,25,1,0,386.0,0.6
11,3,1587,59,24,0,0,396.75,0.25
8,2,814,12,22,0,0,271.3333333333333,0.2222222222222222
6,3,1640,30,21,0,1,410.0,0.42857142857142855
5,6,3257,9,49,0,1,465.2857142857143,1.0
13,3,1792,15,48,0,1,448.0,0.21428571428571427
12,1,495,35,20,1,1,247.5,0.07692307692307693
12,2,989,14,45,0,0,329.6666666666667,0.15384615384615385
14,4,1655,25,30,0,0,331.0,0.26666666666666666
25,3,1371,39,58,1,0,342.75,0.11538461538461539
13,4,2195,13,30,0,0,439.0,0.2857142857142857
28,1,451,37,34,0,0,225.5,0.034482758620689655
1,1,493,3,28,0,1,246.5,0.5
24,5,2301,54,61,0,0,383.5,0.2
13,2,883,86,34,1,0,294.3333333333333,0.14285714285714285
13,2,1063,33,22,0,0,354.3333333333333,0.14285714285714285
22,1,529,36,25,1,0,264.5,0.043478260869565216
5,6,2660,73,58,0,0,380.0,1.0
13,5,2820,35,34,0,0,470.0,0.35714285714285715
34,4,1836,41,64,0,0,367.2,0.11428571428571428
0,3,1410,2,29,1,1,352.5,3.0
26,4,2030,30,61,1,1,406.0,0.14814814814814814
6,3,1493,17,58,0,1,373.25,0.42857142857142855
5,1,442,45,59,0,1,221.0,0.16666666666666666
30,3,1577,51,49,0,0,394.25,0.0967741935483871
1,3,1470,14,18,0,1,367.5,1.5
30,2,1132,39,25,0,0,377.3333333333333,0.06451612903225806
7,2,1086,14,49,0,1,362.0,0.25
6,6,3446,35,30,0,1,492.2857142857143,0.8571428571428571
11,1,503,36,31,0,1,251.5,0.08333333333333333
42,2,955,59,49,0,0,318.3333333333333,0.046511627906976744
16,2,1034,51,54,1,0,344.6666666666667,0.11764705882352941
20,2,1032,28,20,1,0,344.0,0.09523809523809523
1,5,2436,54,27,0,1,406.0,2.5
25,3,1583,61,39,0,0,395.75,0.11538461538461539
24,7,4251,42,37,0,1,531.375,0.28
16,3,1655,17,27,0,0,413.75,0.17647058823529413
1,2,961,3,20,0,0,320.3333333333333,1.0
6,1,458,31,18,0,0,229.0,0.14285714285714285
0,2,1151,1,31,0,1,383.6666666666667,2.0
3,6,3084,37,59,0,1,440.57142857142856,1.5
1,1,461,11,32,1,1,230.5,0.5
38,1,461,43,34,0,0,230.5,0.02564102564102564
19,1,493,23,55,1,0,246.5,0.05
1,7,4077,8,62,0,1,509.625,3.5
0,6,2970,20,34,0,1,424.2857142857143,6.0
10,1,520,39,21,0,1,260.0,0.09090909090909091
1,5,1985,10,65,0,0,330.8333333333333,2.5
1,1,493,3,28,0,1,246.5,0.5
0,8,4052,53,29,1,1,450.22222222222223,8.0
17,6,2835,25,43,0,0,405.0,0.3333333333333333
2,1,583,4,31,1,1,291.5,0.3333333333333333
6,1,426,6,31,0,1,213.0,0.14285714285714285
3,3,1673,9,48,0,1,418.25,0.75
36,5,2565,47,59,0,0,427.5,0.13513513513513514
0,3,1370,4,35,1,1,342.5,3.0
13,4,1967,46,40,0,1,393.4,0.2857142857142857
12,6,3066,13,31,0,1,438.0,0.46153846153846156
1,2,1027,2,50,0,1,342.3333333333333,1.0
18,4,2006,54,46,0,1,401.2,0.21052631578947367
13,2,1060,15,39,0,0,353.3333333333333,0.14285714285714285
69,2,1263,78,38,0,0,421.0,0.02857142857142857
4,2,1183,13,20,0,1,394.3333333333333,0.4
3,4,1925,68,39,0,1,385.0,1.0
20,1,536,24,61,0,0,268.0,0.047619047619047616
1,1,546,68,38,0,1,273.0,0.5
0,4,2405,32,61,1,1,481.0,4.0
12,6,2814,21,59,0,1,402.0,0.46153846153846156
7,2,908,39,51,1,1,302.6666666666667,0.25
0,7,3461,46,33,0,1,432.625,7.0
17,3,1790,27,29,1,1,447.5,0.16666666666666666
1,4,1885,15,20,0,1,377.0,2.0
51,3,1473,70,60,0,0,368.25,0.057692307692307696
17,3,1790,27,29,1,1,447.5,0.16666666666666666
3,3,1538,12,30,0,1,384.5,0.75
86,1,536,97,33,0,0,268.0,0.011494252873563218
2,2,1077,6,43,0,0,359.0,0.6666666666666666
48,2,943,66,50,0,0,314.3333333333333,0.04081632653061224
1,3,1529,1,52,1,1,382.25,1.5
12,4,1778,30,21,0,1,355.6,0.3076923076923077
16,2,982,59,21,0,0,327.3333333333333,0.11764705882352941
9,1,479,67,44,1,0,239.5,0.1
5,3,1748,6,22,0,0,437.0,0.5
1,7,3416,21,30,0,1,427.0,3.5
41,6,2947,46,52,1,0,421.0,0.14285714285714285
11,2,1041,17,58,0,1,347.0,0.16666666666666666
5,4,2199,5,44,0,1,439.8,0.6666666666666666
6,3,1511,43,40,0,1,377.75,0.42857142857142855
1,3,1398,4,55,1,0,349.5,1.5
19,5,2309,33,18,1,0,384.8333333333333,0.25
8,3,1568,21,22,0,0,392.0,0.3333333333333333
5,1,469,11,56,0,0,234.5,0.16666666666666666
3,2,966,55,43,0,1,322.0,0.5
1,2,1054,10,50,1,0,351.3333333333333,1.0
12,3,1476,16,18,0,1,369.0,0.23076923076923078
3,3,1538,12,30,0,1,384.5,0.75
3,3,1528,25,29,0,1,382.0,0.75
27,2,941,55,47,0,0,313.6666666666667,0.07142857142857142
3,2,1150,15,44,0,0,383.3333333333333,0.5
14,4,1658,16,36,0,0,331.6,0.26666666666666666
26,3,1480,27,18,0,0,370.0,0.1111111111111111
14,3,1530,50,33,0,0,382.5,0.2
10,3,1547,25,64,0,1,386.75,0.2727272727272727
45,2,803,90,26,0,0,267.6666666666667,0.043478260869565216
6,1,505,18,36,1,0,252.5,0.14285714285714285
17,3,1790,27,29,1,1,447.5,0.16666666666666666
2,1,463,50,53,0,1,231.5,0.3333333333333333
6,5,2806,51,20,1,1,467.6666666666667,0.7142857142857143
34,3,1670,64,26,1,0,417.5,0.08571428571428572
3,4,1925,68,39,0,1,385.0,1.0
0,4,1885,18,41,0,1,377.0,4.0
27,6,3166,53,63,1,1,452.2857142857143,0.21428571428571427
1,1,481,22,23,0,1,240.5,0.5
2,3,1757,30,36,0,0,439.25,1.0
2,2,873,5,36,0,1,291.0,0.6666666666666666
34,6,3069,63,50,0,0,438.42857142857144,0.17142857142857143
2,4,2099,3,58,1,1,419.8,1.3333333333333333
22,5,2433,38,62,0,0,405.5,0.21739130434782608
39,2,951,56,40,0,0,317.0,0.05
8,2,1023,25,44,0,1,341.0,0.2222222222222222
6,2,1054,14,42,0,0,351.3333333333333,0.2857142857142857
2,4,1980,27,43,0,1,396.0,1.3333333333333333
36,6,3375,73,48,0,1,482.14285714285717,0.16216216216216217
9,2,855,14,26,1,1,285.0,0.2
18,6,3427,72,48,1,1,489.57142857142856,0.3157894736842105
1,3,1485,17,60,1,1,371.25,1.5
23,2,955,35,53,0,1,318.3333333333333,0.08333333333333333
13,6,2749,38,19,0,0,392.7142857142857,0.42857142857142855
8,4,1823,37,24,0,1,364.6,0.4444444444444444
5,1,420,24,42,1,1,210.0,0.16666666666666666
1,7,3416,21,30,0,1,427.0,3.5
1,1,517,54,54,0,0,258.5,0.5
4,2,831,16,33,0,1,277.0,0.4
19,4,2294,112,47,1,1,458.8,0.2
2,3,1703,69,31,0,1,425.75,1.0
42,2,960,93,60,0,0,320.0,0.046511627906976744
2,4,1879,27,23,0,0,375.8,1.3333333333333333
5,6,3257,9,49,0,1,465.2857142857143,1.0
10,4,1859,15,30,0,1,371.8,0.36363636363636365
3,3,1601,68,34,1,0,400.25,0.75
3,2,980,23,47,0,0,326.6666666666667,0.5
1,2,1037,56,58,1,1,345.6666666666667,1.0
8,4,2009,25,57,0,1,401.8,0.4444444444444444
12,3,1476,16,18,0,1,369.0,0.23076923076923078
3,3,1494,4,22,0,1,373.5,0.75
25,2,949,33,19,0,0,316.3333333333333,0.07692307692307693
11,3,1522,54,39,0,0,380.5,0.25
4,3,1504,32,41,0,1,376.0,0.6
10,2,1126,64,45,0,0,375.3333333333333,0.18181818181818182
10,3,1555,41,23,0,1,388.75,0.2727272727272727
4,5,2309,5,55,1,1,384.8333333333333,1.0
2,1,414,2,55,0,0,207.0,0.3333333333333333
7,4,2366,49,50,1,1,473.2,0.5
0,3,1364,32,55,0,0,341.0,3.0
14,2,861,24,63,1,0,287.0,0.13333333333333333
5,4,2152,49,38,0,1,430.4,0.6666666666666666
4,4,1907,11,52,1,0,381.4,0.8
6,7,4240,31,33,0,0,530.0,1.0
8,2,924,25,39,0,0,308.0,0.2222222222222222
2,1,421,8,22,0,1,210.5,0.3333333333333333
34,1,580,81,33,0,0,290.0,0.02857142857142857
1,2,975,64,19,1,1,325.0,1.0
11,2,839,28,38,0,0,279.6666666666667,0.16666666666666666
24,5,2158,34,60,0,1,359.6666666666667,0.2
15,1,576,27,58,0,0,288.0,0.0625
3,7,3416,22,24,0,1,427.0,1.75
45,4,1762,65,31,0,0,352.4,0.08695652173913043
1,2,1081,10,45,0,0,360.3333333333333,1.0
0,2,958,14,32,0,1,319.3333333333333,2.0
1,4,2553,1,48,0,1,510.6,2.0
5,4,2152,49,38,0,1,430.4,0.6666666666666666
7,1,454,25,55,0,0,227.0,0.125
1,3,1736,5,20,0,1,434.0,1.5
1,3,1470,14,18,0,1,367.5,1.5
40,2,1020,41,26,0,0,340.0,0.04878048780487805
11,4,2056,27,30,1,1,411.2,0.3333333333333333
1,3,1613,32,27,1,1,403.25,1.5
11,3,1421,36,34,0,1,355.25,0.25
11,1,503,36,31,0,1,251.5,0.08333333333333333
10,1,471,10,24,0,1,235.5,0.09090909090909091
0,3,1410,2,29,1,1,352.5,3.0
0,3,1370,4,35,1,1,342.5,3.0
0,7,3461,46,33,0,1,432.625,7.0
29,4,2009,41,30,0,1,401.8,0.13333333333333333
5,4,2018,45,47,0,1,403.6,0.6666666666666666
33,2,1029,45,24,0,0,343.0,0.058823529411764705
16,6,2922,48,56,0,1,417.42857142857144,0.35294117647058826
10,2,925,23,19,0,0,308.3333333333333,0.18181818181818182
43,4,1922,49,42,0,0,384.4,0.09090909090909091
21,3,1476,65,58,1,1,369.0,0.13636363636363635
16,2,906,74,37,0,0,302.0,0.11764705882352941
7,4,2366,49,50,1,1,473.2,0.5
40,3,1411,50,56,0,1,352.75,0.07317073170731707
13,1,579,28,46,1,0,289.5,0.07142857142857142
63,4,1765,79,37,0,0,353.0,0.0625
6,1,552,22,26,1,1,276.0,0.14285714285714285
4,4,2053,17,60,1,0,410.6,0.8
6,3,1699,17,38,0,1,424.75,0.42857142857142855
17,4,1821,21,22,0,1,364.2,0.2222222222222222
7,6,2897,22,30,0,1,413.85714285714283,0.75
14,6,3276,22,49,1,1,468.0,0.4
0,1,480,16,33,0,0,240.0,1.0
10,1,558,67,43,0,0,279.0,0.09090909090909091
0,3,1536,5,44,0,1,384.0,3.0
2,2,850,2,53,0,1,283.3333333333333,0.6666666666666666
15,2,1072,24,57,1,0,357.3333333333333,0.125
0,6,3156,36,53,0,1,450.85714285714283,6.0
0,1,447,43,48,0,1,223.5,1.0
4,2,1114,38,36,0,1,371.3333333333333,0.4
8,4,2081,29,65,0,1,416.2,0.4444444444444444
0,1,447,43,48,0,1,223.5,1.0
3,4,1925,68,39,0,1,385.0,1.0
5,1,420,24,42,1,1,210.0,0.16666666666666666
2,1,463,50,53,0,1,231.5,0.3333333333333333
15,2,1004,28,58,1,0,334.6666666666667,0.125
2,5,2772,21,54,1,1,462.0,1.6666666666666667
11,4,1978,49,55,0,0,395.6,0.3333333333333333
2,3,1599,15,18,1,0,399.75,1.0
0,5,2049,13,48,0,1,341.5,5.0
10,2,974,15,60,0,1,324.6666666666667,0.18181818181818182
0,4,1745,19,49,0,1,349.0,4.0
11,5,2983,41,50,0,1,497.1666666666667,0.4166666666666667
46,1,552,108,20,0,0,276.0,0.02127659574468085
18,5,2538,34,62,0,0,423.0,0.2631578947368421
1,1,461,11,32,1,1,230.5,0.5
1,3,1582,31,43,0,0,395.5,1.5
1,2,956,26,65,0,1,318.6666666666667,1.0
17,4,1864,72,39,0,0,372.8,0.2222222222222222
9,5,2680,57,41,0,0,446.6666666666667,0.5
11,3,1444,57,62,0,0,361.0,0.25
14,1,500,21,50,0,0,250.0,0.06666666666666667
17,3,1425,24,35,1,0,356.25,0.16666666666666666
17,3,1557,22,62,0,0,389.25,0.16666666666666666
25,5,2650,70,56,1,1,441.6666666666667,0.19230769230769232
20,5,2562,50,63,1,1,427.0,0.23809523809523808
12,5,2422,12,43,0,0,403.6666666666667,0.38461538461538464
4,3,1377,9,34,0,0,344.25,0.6
3,3,1547,41,28,0,0,386.75,0.75
4,4,2098,5,39,0,1,419.6,0.8
0,1,472,13,25,1,0,236.0,1.0
14,1,452,34,22,1,0,226.0,0.06666666666666667
15,1,596,27,65,0,0,298.0,0.0625
1,3,1559,33,49,1,1,389.75,1.5
10,3,1543,20,50,0,0,385.75,0.2727272727272727
31,1,477,60,24,0,1,238.5,0.03125
3,1,551,22,43,0,1,275.5,0.25
6,2,1073,9,43,0,1,357.6666666666667,0.2857142857142857
11,2,1007,18,58,0,0,335.6666666666667,0.16666666666666666
15,7,4145,18,37,0,1,518.125,0.4375
14,6,3013,19,49,1,0,430.42857142857144,0.4
12,1,605,29,30,1,1,302.5,0.07692307692307693
14,3,1639,26,38,0,0,409.75,0.2
3,3,1418,11,39,1,1,354.5,0.75
1,3,1424,40,25,0,0,356.0,1.5
2,1,520,15,21,0,1,260.0,0.3333333333333333
20,5,2549,25,18,0,0,424.8333333333333,0.23809523809523808
31,6,2908,61,20,0,0,415.42857142857144,0.1875
3,1,518,23,18,0,1,259.0,0.25
2,2,862,2,46,0,0,287.3333333333333,0.6666666666666666
2,4,1865,19,61,0,1,373.0,1.3333333333333333
3,4,2024,7,64,0,1,404.8,1.0
1,3,1295,28,59,1,0,323.75,1.5
5,3,1718,21,64,0,1,429.5,0.5
0,5,2329,2,24,0,1,388.1666666666667,5.0
6,1,532,17,39,0,1,266.0,0.14285714285714285
21,1,454,44,61,0,0,227.0,0.045454545454545456
7,2,947,49,38,0,0,315.6666666666667,0.25
3,7,3095,3,47,0,1,386.875,1.75
1,4,2004,29,50,0,0,400.8,2.0
1,4,1991,2,31,1,1,398.2,2.0
35,1,528,54,42,0,0,264.0,0.027777777777777776
4,3,1489,6,24,1,1,372.25,0.6
36,2,917,45,33,0,0,305.6666666666667,0.05405405405405406
4,3,1438,27,28,0,1,359.5,0.6
6,5,2761,29,43,1,0,460.1666666666667,0.7142857142857143
9,2,879,13,63,1,0,293.0,0.2
14,2,1059,118,39,0,0,353.0,0.13333333333333333
10,2,974,15,60,0,1,324.6666666666667,0.18181818181818182
4,3,1533,12,32,0,0,383.25,0.6
24,1,481,53,21,0,0,240.5,0.04
13,5,2523,24,35,0,1,420.5,0.35714285714285715
44,2,1088,51,38,0,0,362.6666666666667,0.044444444444444446
11,6,2551,39,44,1,1,364.42857142857144,0.5
25,5,2650,70,56,1,1,441.6666666666667,0.19230769230769232
4,5,2314,16,56,1,1,385.6666666666667,1.0
2,1,486,7,60,0,0,243.0,0.3333333333333333
23,6,2924,25,39,1,1,417.7142857142857,0.25
14,6,3276,22,49,1,1,468.0,0.4
4,3,1489,6,24,1,1,372.25,0.6
55,3,1408,59,40,0,0,352.0,0.05357142857142857
4,3,1402,52,43,0,1,350.5,0.6
15,7,4145,18,37,0,1,518.125,0.4375
10,1,502,23,41,0,0,251.0,0.09090909090909091
18,4,2006,54,46,0,1,401.2,0.21052631578947367
9,2,1012,40,32,0,0,337.3333333333333,0.2
2,4,1980,27,43,0,1,396.0,1.3333333333333333
5,8,4133,57,28,0,1,459.22222222222223,1.3333333333333333
44,4,2455,89,59,0,0,491.0,0.08888888888888889
24,5,2479,32,26,0,0,413.1666666666667,0.2
23,4,2226,75,65,0,0,445.2,0.16666666666666666
35,7,3447,50,59,0,0,430.875,0.19444444444444445
38,5,2499,49,40,0,1,416.5,0.1282051282051282
8,1,521,21,27,0,0,260.5,0.1111111111111111
7,3,1511,12,54,1,1,377.75,0.375
21,1,500,28,46,1,0,250.0,0.045454545454545456
1,5,2473,6,39,0,1,412.1666666666667,2.5
2,2,931,20,30,1,0,310.3333333333333,0.6666666666666666
18,5,2350,19,55,1,1,391.6666666666667,0.2631578947368421
0,4,1987,14,53,0,1,397.4,4.0
0,6,3338,18,27,1,0,476.85714285714283,6.0
21,1,519,28,42,0,0,259.5,0.045454545454545456
23,1,564,27,26,1,0,282.0,0.041666666666666664
6,1,445,23,28,0,0,222.5,0.14285714285714285
12,4,1750,12,58,0,1,350.0,0.3076923076923077
4,4,1617,17,21,0,1,323.4,0.8
1,2,975,64,19,1,1,325.0,1.0
7,3,1519,60,23,0,1,379.75,0.375
3,3,1440,7,62,0,1,360.0,0.75
